id,label
00006537328c33e284c973d7b39d340809f7271b,0.9983646869659424
0000ec92553fda4ce39889f9226ace43cae3364e,0.6335097551345825
000270442cc15af719583a8172c87cd2bd9c7746,0.0
000253dfaa0be9d0d100283b22284ab2f6b643f6,0.848839282989502
00024a6dee61f12f7856b0fc6be20bc7a48ba3d2,0.9661449790000916
test_im_cancer,0.9983646869659424
